{
  "opening_hours": {
    "monday": "08:00-18:00",
    "tuesday": "08:00-18:00",
    "wednesday": "08:00-18:00",
    "thursday": "08:00-18:00",
    "friday": "08:00-18:00",
    "saturday": "09:00-14:00",
    "sunday": "closed"
  },
  
  "product_categories": {
    "coffee": ["espresso", "cappuccino", "latte", "americano"],
    "tea": ["green_tea", "black_tea", "herbal_tea"],
    "pastries": ["croissant", "muffin", "danish"]
  },
  
  "products": {
    "espresso": {
      "name": "Espresso",
      "price": 2.50,
      "description": "Single shot of rich, bold espresso",
      "category": "coffee",
      "aliases": ["espresso", "shot"]
    },
    "cappuccino": {
      "name": "Cappuccino",
      "price": 3.50,
      "description": "Espresso with steamed milk and foam",
      "category": "coffee",
      "aliases": ["cappuccino", "cap", "capp"]
    },
    "latte": {
      "name": "Latte",
      "price": 4.00,
      "description": "Espresso with steamed milk",
      "category": "coffee",
      "aliases": ["latte", "cafe latte"]
    },
    "americano": {
      "name": "Americano",
      "price": 3.00,
      "description": "Espresso with hot water",
      "category": "coffee",
      "aliases": ["americano", "american coffee"]
    },
    "croissant": {
      "name": "Croissant",
      "price": 2.75,
      "description": "Buttery, flaky French pastry",
      "category": "pastries",
      "aliases": ["croissant"]
    }
  },
  
  "orders": {
    "A123": {
      "order_id": "A123",
      "customer_phone": "1234567890",
      "status": "Shipped",
      "eta": "2026-02-16",
      "items": ["cappuccino", "croissant"]
    },
    "B456": {
      "order_id": "B456",
      "customer_phone": "1234567890",
      "status": "Processing",
      "eta": null,
      "items": ["latte"]
    },
    "C789": {
      "order_id": "C789",
      "customer_phone": "0987654321",
      "status": "Delivered",
      "eta": "2026-02-14",
      "items": ["espresso", "americano"]
    }
  }
}
